{"acc":0.7218282418328464,"loss":0.2205838216606686,"_wandb":{"runtime":0},"_timestamp":1.739806334444383e+09,"_runtime":0.795695,"_step":7}