{"_timestamp":1.739808071920365e+09,"_runtime":577.176341,"_step":9,"_wandb":{"runtime":577},"epoch":9,"loss":0.21289769564624256,"epoch_time":51.77579975128174,"accuracy":53.72}